{
    "Business & Finance": {
        "precision": 0.9107142857142857,
        "recall": 0.9902912621359223,
        "f1-score": 0.9488372093023256,
        "support": 103.0
    },
    "Entertainment & Media": {
        "precision": 1.0,
        "recall": 0.9761904761904762,
        "f1-score": 0.9879518072289156,
        "support": 84.0
    },
    "Politics & Government": {
        "precision": 0.9871794871794872,
        "recall": 0.9625,
        "f1-score": 0.9746835443037974,
        "support": 80.0
    },
    "Sports": {
        "precision": 1.0,
        "recall": 0.9897959183673469,
        "f1-score": 0.9948717948717949,
        "support": 98.0
    },
    "Technology & IT": {
        "precision": 0.9868421052631579,
        "recall": 0.9375,
        "f1-score": 0.9615384615384616,
        "support": 80.0
    },
    "accuracy": 0.9730337078651685,
    "macro avg": {
        "precision": 0.9769471756313861,
        "recall": 0.971255531338749,
        "f1-score": 0.9735765634490591,
        "support": 445.0
    },
    "weighted avg": {
        "precision": 0.9746635928628833,
        "recall": 0.9730337078651685,
        "f1-score": 0.9732884960228879,
        "support": 445.0
    }
}